﻿pos_x,pos_y,rotation,side,designator,mpn,pack,value,mount_type,place
147.106,-105.156,0.0,top,C1,,CP_Radial_D5.0mm_P2.50mm,10µF,tht,True
132.842,-103.378,0.0,top,D1,,D_DO-41_SOD81_P10.16mm_Horizontal,1N5817,tht,True
132.842,-108.458,0.0,top,D2,,D_DO-41_SOD81_P10.16mm_Horizontal,1N4001,tht,True
162.804,-107.188,-90.0,top,J1,,PinHeader_1x04_P2.54mm_Vertical,Servo,tht,True
158.75,-102.0125,-90.0,top,Q1,,FQP30N06L,FQP30N06L,tht,True
152.908,-80.772,0.0,top,R1,,R_Axial_DIN0207_L6.3mm_D2.5mm_P10.16mm_Horizontal,220Ω,tht,True
152.908,-85.344,0.0,top,R2,,R_Axial_DIN0207_L6.3mm_D2.5mm_P10.16mm_Horizontal,2kΩ,tht,True
131.7122,-99.4376,0.0,top,U1,,Seeeduino XIAO-MOUDLE14P-2.54-21X17.8MM,Seeeduino,smt,True
