﻿pos_x,pos_y,rotation,side,designator,mpn,pack,value,mount_type,place
178.4971,-112.776,180.0,top,C1,,CP_Radial_D5.0mm_P2.50mm,10µF,tht,True
142.24,-93.178,90.0,top,C2,,CP_Radial_D5.0mm_P2.50mm,10µF,tht,True
162.306,-115.316,-90.0,top,D1,,D_DO-41_SOD81_P10.16mm_Horizontal,1N5817,tht,True
156.464,-125.73,90.0,top,D2,,D_DO-41_SOD81_P10.16mm_Horizontal,1N4001,tht,True
151.892,-106.934,180.0,top,J1,,PinHeader_1x04_P2.54mm_Vertical,Servo,tht,True
151.638,-89.408,-90.0,top,J2,,JST_XH_B2B-XH-A_1x02_P2.50mm_Vertical,Calibrator Inverter,tht,True
138.43,-103.0285,-90.0,top,Q1,,FQP30N06L,FQP30N06L,tht,True
124.714,-103.0285,-90.0,top,Q2,,FQP30N06L,FQP30N06L,tht,True
167.64,-120.396,0.0,top,R1,,R_Axial_DIN0207_L6.3mm_D2.5mm_P10.16mm_Horizontal,220Ω,tht,True
177.8,-124.968,180.0,top,R2,,R_Axial_DIN0207_L6.3mm_D2.5mm_P10.16mm_Horizontal,2kΩ,tht,True
124.968,-86.614,-90.0,top,R3,,R_Axial_DIN0207_L6.3mm_D2.5mm_P10.16mm_Horizontal,220Ω,tht,True
119.888,-86.614,-90.0,top,R4,,R_Axial_DIN0207_L6.3mm_D2.5mm_P10.16mm_Horizontal,2kΩ,tht,True
160.4442,-89.0829,-90.0,top,U1,,Seeeduino XIAO-MOUDLE14P-2.54-21X17.8MM,Seeeduino XIAO,smt,True
132.842,-91.948,-90.0,top,U2,,U3V16F12,U3V16F12,tht,True
