﻿designator,quantity,value,pack,mpn,mount_type
"C1, C2",2,10µF,CP_Radial_D5.0mm_P2.50mm,,tht
D1,1,1N5817,D_DO-41_SOD81_P10.16mm_Horizontal,,tht
D2,1,1N4001,D_DO-41_SOD81_P10.16mm_Horizontal,,tht
J1,1,Servo,PinHeader_1x04_P2.54mm_Vertical,,tht
J2,1,Calibrator Inverter,JST_XH_B2B-XH-A_1x02_P2.50mm_Vertical,,tht
"Q1, Q2",2,FQP30N06L,FQP30N06L,,tht
"R1, R3",2,220Ω,R_Axial_DIN0207_L6.3mm_D2.5mm_P10.16mm_Horizontal,,tht
"R2, R4",2,2kΩ,R_Axial_DIN0207_L6.3mm_D2.5mm_P10.16mm_Horizontal,,tht
U1,1,Seeeduino XIAO,Seeeduino XIAO-MOUDLE14P-2.54-21X17.8MM,,smt
U2,1,U3V16F12,U3V16F12,,tht
